JobID,JobType
1,Carpenters
2,Electricians
3,Painters
4,Welders
5,Plumbers
6,Special Skills
7,Lawn And Garden Maintenance
8,Janitorial And Custodial
9,Window Cleaning
10,HVAC and Air conditioning
11,Fire Systems
12,Alarm Systems
13,Flooring
14,Furniture
15,Pest Control
16,Elevator
17,LockSmith
18,General Maintenance
19,HR
20,Finance
21,Auditor/Compliance
22,Safety
23,Project Manager
24,Administration
25,Procurement
26,WareHouse
27,Equipment
28,IT
29,Other
